City,mean,median
Amsterdam,354.10917849755054,356.1971269889626
Athens,144.35442271021859,127.71541724275303
Barcelona,227.11098035939415,196.895291735518
Berlin,211.98819406042878,185.5660465551089
Budapest,167.49132320084308,152.27710673497205
Lisbon,230.2531920485323,223.03001876172607
Paris,299.21617543268303,287.3054338708174
Rome,197.22941663414352,182.1242372524724
Vienna,221.7509603759356,206.3903887057944
