City,mean,median
Amsterdam,370.8798375575202,368.8514986056758
Athens,145.68022180448548,127.71541724275303
Barcelona,235.65810674707768,196.895291735518
Berlin,215.67766099354455,185.79975694119844
Budapest,168.1613527865955,152.27710673497205
Lisbon,232.80759356176557,223.26454033771105
Paris,311.8703691034971,290.4511138037096
Rome,198.7328486223358,182.1242372524724
Vienna,224.11898420948296,207.55907720356217
