Model,R-squared,MSE,MAE
knn_imputer+rf,0.7444905816385218,2880.7135188681123,36.67218128816323
