Model,R-squared,MSE,MAE
knn_imputer+rf,0.7441303287903435,2966.950718543027,37.24527750786702
