Model,Valid Errors,MSE,MAE
simple_imputer+rf,0.7484260305745069,3500.1147429915686,41.32108632649357
simple_imputer+lasso,0.5787900147507714,6102.000292211311,57.29567933402666
simple_imputer+ridge,0.5786805532121111,5051.988150455525,52.25493701641151
knn_imputer+rf,0.7495410999315006,3500.1147429915686,41.32108632649357
knn_imputer+lasso,0.5787900147507714,6102.000292211311,57.29567933402666
knn_imputer+ridge,0.5786805532121111,5051.988150455525,52.25493701641151
