Model,Valid Errors,MSE,MAE
simple_imputer+rf,0.7413138431126041,3423.600481952675,41.31797242159571
simple_imputer+lasso,0.5749502814373766,5854.422403072027,56.4841800759249
simple_imputer+ridge,0.5749500039495625,4861.623952189455,51.632037597332264
knn_imputer+rf,0.7422530420040274,3423.600481952675,41.31797242159571
knn_imputer+lasso,0.5749502814373766,5854.422403072027,56.4841800759249
knn_imputer+ridge,0.5749500039495625,4861.623952189455,51.632037597332264
